{
  "acai": true,
  "ackee": "abc",
  "apple": {
    "date": {
      "durian": {
        "server": {
          "label": "Durian",
          "active": true
        }
      }
    },
    "elderberry": [
      {
        "fig": null,
        "huckleberry": {
          "server": {
            "label": "Huckleberry",
            "active": true
          }
        }
      },
      {
        "gooseberry": false,
        "server": {
          "label": "Elderberry",
          "active": false
        }
      }
    ]
  },
  "apricot": 123,
  "avocado": "abc",
  "banana": false,
  "belfruit": "123",
  "bilberry": "abc",
  "blackberry": [
    {
      "boysenberry": 123,
      "dewberry": "123"
    },
    {
      "grapefruit": 123,
      "guava": "123"
    }
  ],
  "blueberry": 123,
  "breadfruit": false,
  "server": {
    "label": "Kiwi",
    "active": false
  },
  "breadnut": null,
  "canistel": "abc"
}
